feature,importance
rainfall,0.23541702121086686
humidity,0.2146309272648519
k,0.17496739162581837
p,0.15186354993022455
n,0.10318542907250657
temperature,0.06913024668039117
ph,0.05080543421534058
