feature,importance,importance_mean,importance_std
rainfall,0.23541702121086686,0.25277647365640477,0.013500843181381271
humidity,0.2146309272648519,0.26373639350778516,0.014164713890167303
k,0.17496739162581837,0.21642569300906095,0.013456268371481471
p,0.15186354993022455,0.18645702901154484,0.01963296275815239
n,0.10318542907250657,0.2203634109488985,0.014703936553913262
temperature,0.06913024668039117,0.00960225433826865,0.003465034949520785
ph,0.05080543421534058,0.01082798628392942,0.0038971502420415915
